Date,Close,Open,High,Low,Vol.,Change(%),Kode
2025-04-16,4.67,4.73,4.74,4.67,64.7,-0.85,BMRI
2025-04-15,4.71,4.8,4.82,4.71,231.01,-0.84,BMRI
2025-04-14,4.75,4.65,4.75,4.65,423.72,-6.86,BMRI
2025-04-11,5.1,5.0,5.175,4.95,384.96,1.49,BMRI
2025-04-10,5.025,5.2,5.225,4.97,559.97,6.69,BMRI
2025-04-09,4.71,4.63,4.79,4.63,316.82,0.86,BMRI
2025-04-08,4.67,4.5,4.83,4.5,738.45,-10.19,BMRI
2025-03-27,5.2,5.15,5.25,5.05,301.03,0.97,BMRI
2025-03-26,5.15,4.98,5.175,4.93,582.17,8.65,BMRI
2025-03-25,4.74,4.5,4.81,4.5,313.03,6.28,BMRI
2025-03-24,4.46,4.35,4.53,4.25,319.02,1.13,BMRI
2025-03-21,4.41,4.6,4.61,4.38,374.4,-4.55,BMRI
2025-03-20,4.62,4.76,4.77,4.61,138.21,-1.28,BMRI
2025-03-19,4.68,4.53,4.7,4.44,273.08,3.31,BMRI
2025-03-18,4.53,4.68,4.69,4.3,387.57,-3.21,BMRI
2025-03-17,4.68,4.74,4.77,4.66,135.69,-1.27,BMRI
2025-03-14,4.74,4.64,4.8,4.64,154.33,0.0,BMRI
2025-03-13,4.74,4.94,4.94,4.71,176.29,-2.87,BMRI
2025-03-12,4.88,4.75,4.88,4.75,129.97,2.95,BMRI
2025-03-11,4.74,4.65,4.78,4.64,150.74,0.64,BMRI
2025-03-10,4.71,4.73,4.76,4.66,231.15,-2.69,BMRI
2025-03-07,4.84,4.87,4.87,4.81,117.92,-0.62,BMRI
2025-03-06,4.87,4.91,4.98,4.87,194.91,0.21,BMRI
2025-03-05,4.86,4.86,5.05,4.86,252.22,0.41,BMRI
2025-03-04,4.84,4.9,4.92,4.75,144.35,-1.22,BMRI
2025-03-03,4.9,4.75,4.98,4.7,257.12,6.52,BMRI
2025-02-28,4.6,4.62,4.69,4.55,464.7,-1.29,BMRI
2025-02-27,4.66,4.93,4.95,4.66,334.92,-5.28,BMRI
2025-02-26,4.92,4.86,4.98,4.85,161.84,1.03,BMRI
2025-02-25,4.87,5.0,5.025,4.86,224.61,-3.08,BMRI
2025-02-24,5.025,5.05,5.075,4.98,127.58,-0.99,BMRI
2025-02-21,5.075,5.0,5.1,5.0,152.53,-1.46,BMRI
2025-02-20,5.15,5.125,5.225,5.1,98.36,-0.48,BMRI
2025-02-19,5.175,5.375,5.4,5.125,204.34,-5.05,BMRI
2025-02-18,5.45,5.45,5.55,5.375,157.43,0.46,BMRI
2025-02-17,5.425,5.2,5.475,5.175,223.84,5.85,BMRI
2025-02-14,5.125,5.1,5.2,4.97,239.71,1.99,BMRI
2025-02-13,5.025,4.94,5.075,4.9,215.27,1.72,BMRI
2025-02-12,4.94,4.92,4.95,4.83,225.07,1.23,BMRI
2025-02-11,4.88,4.75,4.95,4.75,316.74,-2.4,BMRI
2025-02-10,5.0,5.15,5.15,4.99,169.38,-2.91,BMRI
2025-02-07,5.15,5.0,5.15,4.95,407.9,0.98,BMRI
2025-02-06,5.1,5.425,5.425,5.0,642.12,-7.69,BMRI
2025-02-05,5.525,5.6,5.6,5.475,185.66,-2.64,BMRI
2025-02-04,5.675,5.825,5.85,5.625,121.87,-2.16,BMRI
2025-02-03,5.8,5.975,6.0,5.7,182.18,-3.73,BMRI
2025-01-31,6.025,6.175,6.225,6.025,107.86,-1.23,BMRI
2025-01-30,6.1,6.1,6.225,6.075,101.4,-0.41,BMRI
2025-01-24,6.125,6.25,6.25,6.125,96.16,-0.81,BMRI
2025-01-23,6.175,6.2,6.3,6.175,120.89,0.41,BMRI
2025-01-22,6.15,6.15,6.2,6.1,117.93,1.65,BMRI
2025-01-21,6.05,6.1,6.175,6.025,115.36,0.83,BMRI
2025-01-20,6.0,6.0,6.05,5.925,84.34,2.13,BMRI
2025-01-17,5.875,5.8,6.05,5.75,114.05,0.0,BMRI
2025-01-16,5.875,6.075,6.2,5.85,204.36,2.17,BMRI
2025-01-15,5.75,5.475,5.825,5.45,194.03,6.48,BMRI
2025-01-14,5.4,5.425,5.575,5.4,97.35,-2.26,BMRI
2025-01-13,5.525,5.5,5.55,5.475,99.95,-1.34,BMRI
2025-01-10,5.6,5.75,5.775,5.6,77.75,-2.61,BMRI
2025-01-09,5.75,5.725,5.775,5.7,56.49,0.0,BMRI
2025-01-08,5.75,5.6,5.75,5.6,118.25,2.68,BMRI
2025-01-07,5.6,5.6,5.65,5.55,96.98,-1.32,BMRI
2025-01-06,5.675,5.825,5.825,5.65,68.44,-2.16,BMRI
2025-01-03,5.8,5.85,5.875,5.775,58.07,-0.85,BMRI
2025-01-02,5.85,5.7,5.85,5.7,82.91,2.63,BMRI
2024-12-30,5.7,5.675,5.75,5.65,96.78,-1.72,BMRI
2024-12-27,5.8,5.75,5.85,5.75,46.13,0.87,BMRI
2024-12-24,5.75,5.825,5.875,5.75,41.24,-1.29,BMRI
2024-12-23,5.825,5.8,5.875,5.725,82.91,2.64,BMRI
2024-12-20,5.675,5.675,5.75,5.625,148.57,0.0,BMRI
2024-12-19,5.675,5.625,5.725,5.6,277.79,-2.58,BMRI
2024-12-18,5.825,5.925,6.0,5.775,153.16,-2.1,BMRI
2024-12-17,5.95,6.05,6.075,5.925,72.11,-2.06,BMRI
2024-12-16,6.075,5.9,6.1,5.9,105.38,0.83,BMRI
2024-12-13,6.025,6.025,6.1,5.975,135.58,-1.63,BMRI
2024-12-12,6.125,6.2,6.225,6.1,96.71,-2.78,BMRI
2024-12-11,6.3,6.3,6.4,6.3,62.51,0.0,BMRI
2024-12-10,6.3,6.275,6.325,6.225,92.25,-1.18,BMRI
2024-12-09,6.375,6.175,6.375,6.175,74.22,2.41,BMRI
2024-12-06,6.225,6.2,6.275,6.125,75.99,1.22,BMRI
2024-12-05,6.15,6.35,6.375,6.15,69.53,-3.53,BMRI
2024-12-04,6.375,6.275,6.45,6.225,75.26,1.59,BMRI
2024-12-03,6.275,6.1,6.275,6.1,99.51,4.58,BMRI
2024-12-02,6.0,6.175,6.25,5.975,114.56,-2.44,BMRI
2024-11-29,6.15,6.325,6.375,6.125,157.63,-4.65,BMRI
2024-11-28,6.45,6.35,6.525,6.35,81.88,0.78,BMRI
2024-11-26,6.4,6.6,6.6,6.325,107.19,-2.66,BMRI
2024-11-25,6.575,6.325,6.6,6.325,183.45,5.2,BMRI
2024-11-22,6.25,6.125,6.3,6.1,80.24,1.63,BMRI
2024-11-21,6.15,6.225,6.225,6.125,76.58,-1.2,BMRI
2024-11-20,6.225,6.325,6.35,6.2,68.71,-0.4,BMRI
2024-11-19,6.25,6.375,6.375,6.225,95.5,-1.19,BMRI
2024-11-18,6.325,6.35,6.425,6.225,80.65,-0.39,BMRI
2024-11-15,6.35,6.3,6.4,6.3,41.08,-0.39,BMRI
2024-11-14,6.375,6.375,6.475,6.35,69.75,-0.78,BMRI
2024-11-13,6.425,6.5,6.55,6.4,102.75,0.78,BMRI
2024-11-12,6.375,6.375,6.45,6.325,117.28,0.39,BMRI
2024-11-11,6.35,6.3,6.45,6.15,125.61,0.4,BMRI
2024-11-08,6.325,6.425,6.525,6.275,192.68,-1.56,BMRI
2024-11-07,6.425,6.5,6.55,6.425,154.76,-1.91,BMRI
2024-11-06,6.55,6.925,6.925,6.55,147.27,-5.42,BMRI
2024-11-05,6.925,6.725,6.95,6.675,88.66,2.59,BMRI
2024-11-04,6.75,6.6,6.8,6.525,80.21,1.5,BMRI
2024-11-01,6.65,6.725,6.725,6.55,101.42,-0.75,BMRI
2024-10-31,6.7,6.75,6.825,6.7,126.73,-0.74,BMRI
2024-10-30,6.75,6.575,6.775,6.575,122.13,-1.1,BMRI
2024-10-29,6.825,6.8,6.85,6.725,91.27,0.0,BMRI
2024-10-28,6.825,7.075,7.075,6.8,114.5,-3.19,BMRI
2024-10-25,7.05,6.975,7.05,6.975,34.64,1.08,BMRI
2024-10-24,6.975,7.0,7.15,6.975,65.88,-1.41,BMRI
2024-10-23,7.075,7.075,7.125,7.025,38.22,0.0,BMRI
2024-10-22,7.075,7.15,7.175,7.075,43.58,-1.74,BMRI
2024-10-21,7.2,7.25,7.25,7.125,43.06,0.35,BMRI
2024-10-18,7.175,7.275,7.3,7.175,57.38,-0.69,BMRI
2024-10-17,7.225,7.05,7.25,7.0,90.22,3.21,BMRI
2024-10-16,7.0,7.05,7.075,6.925,133.02,-0.71,BMRI
2024-10-15,7.05,7.0,7.1,6.925,90.36,1.81,BMRI
2024-10-14,6.925,6.925,6.975,6.9,55.89,-0.36,BMRI
2024-10-11,6.95,7.025,7.025,6.925,45.33,0.0,BMRI
2024-10-10,6.95,6.925,7.05,6.9,44.29,0.0,BMRI
2024-10-09,6.95,7.075,7.175,6.95,76.52,-1.77,BMRI
2024-10-08,7.075,6.825,7.175,6.775,132.14,2.91,BMRI
2024-10-07,6.875,6.925,6.925,6.8,103.94,-1.08,BMRI
2024-10-04,6.95,7.025,7.05,6.9,79.49,-1.42,BMRI
2024-10-03,7.05,7.0,7.075,6.9,86.26,1.08,BMRI
2024-10-02,6.975,7.025,7.1,6.925,91.08,-1.06,BMRI
2024-10-01,7.05,7.0,7.075,6.95,82.69,1.81,BMRI
2024-09-30,6.925,7.0,7.025,6.875,166.2,-1.77,BMRI
2024-09-27,7.05,7.025,7.125,7.0,161.41,-1.74,BMRI
2024-09-26,7.175,7.175,7.2,7.1,173.04,-0.35,BMRI
2024-09-25,7.2,7.35,7.35,7.05,192.2,-3.03,BMRI
2024-09-24,7.425,7.4,7.475,7.375,81.82,-0.34,BMRI
2024-09-23,7.45,7.325,7.45,7.3,79.68,2.05,BMRI
2024-09-20,7.3,7.4,7.425,7.3,97.9,-1.35,BMRI
2024-09-19,7.4,7.45,7.55,7.4,124.38,0.0,BMRI
2024-09-18,7.4,7.375,7.45,7.35,47.28,-0.34,BMRI
2024-09-17,7.425,7.325,7.45,7.3,96.43,2.06,BMRI
2024-09-13,7.275,7.3,7.3,7.225,45.85,-0.34,BMRI
2024-09-12,7.3,7.375,7.425,7.3,68.25,-1.02,BMRI
2024-09-11,7.375,7.3,7.4,7.275,91.82,1.72,BMRI
2024-09-10,7.25,7.25,7.275,7.225,73.52,0.0,BMRI
2024-09-09,7.25,7.25,7.25,7.2,71.43,0.0,BMRI
2024-09-06,7.25,7.175,7.275,7.15,63.62,1.05,BMRI
2024-09-05,7.175,7.125,7.225,7.125,59.43,0.0,BMRI
2024-09-04,7.175,7.0,7.175,7.0,78.79,1.41,BMRI
2024-09-03,7.075,7.2,7.25,7.05,75.1,-1.74,BMRI
2024-09-02,7.2,7.2,7.275,7.125,82.18,1.05,BMRI
2024-08-30,7.125,7.1,7.175,7.075,153.76,0.35,BMRI
2024-08-29,7.1,7.3,7.3,7.1,94.48,-1.73,BMRI
2024-08-28,7.225,7.025,7.225,7.0,114.61,2.85,BMRI
2024-08-27,7.025,7.025,7.05,6.925,91.69,-0.35,BMRI
2024-08-26,7.05,7.05,7.1,7.0,78.52,0.0,BMRI
2024-08-23,7.05,7.0,7.075,6.975,111.75,0.0,BMRI
2024-08-22,7.05,7.15,7.175,6.925,157.32,-2.76,BMRI
2024-08-21,7.25,7.3,7.3,7.225,88.49,0.69,BMRI
2024-08-20,7.2,7.2,7.35,7.15,102.62,0.7,BMRI
2024-08-19,7.15,7.075,7.15,7.025,50.25,1.06,BMRI
2024-08-16,7.075,7.075,7.125,7.025,64.27,0.71,BMRI
2024-08-15,7.025,7.075,7.075,6.925,75.96,-0.71,BMRI
2024-08-14,7.075,7.075,7.1,7.025,97.7,1.07,BMRI
2024-08-13,7.0,6.85,7.0,6.85,68.67,1.45,BMRI
2024-08-12,6.9,6.875,6.9,6.775,50.76,0.73,BMRI
2024-08-09,6.85,6.825,6.9,6.8,79.71,0.74,BMRI
2024-08-08,6.8,6.8,6.85,6.725,81.41,0.37,BMRI
2024-08-07,6.775,6.725,6.775,6.65,84.63,2.26,BMRI
2024-08-06,6.625,6.65,6.7,6.525,95.79,0.76,BMRI
2024-08-05,6.575,6.7,6.725,6.5,184.38,-3.31,BMRI
2024-08-02,6.8,6.7,6.875,6.675,167.89,0.74,BMRI
2024-08-01,6.75,6.55,6.75,6.5,163.09,5.47,BMRI
2024-07-31,6.4,6.4,6.475,6.375,99.0,-1.16,BMRI
2024-07-30,6.475,6.475,6.55,6.375,87.54,0.0,BMRI
2024-07-29,6.475,6.55,6.55,6.45,54.44,-1.15,BMRI
2024-07-26,6.55,6.575,6.625,6.5,76.52,-0.38,BMRI
2024-07-25,6.575,6.45,6.575,6.4,66.66,1.54,BMRI
2024-07-24,6.475,6.5,6.575,6.475,63.94,-2.26,BMRI
2024-07-23,6.625,6.75,6.75,6.55,77.86,-1.12,BMRI
2024-07-22,6.7,6.575,6.7,6.525,110.47,2.68,BMRI
2024-07-19,6.525,6.5,6.525,6.45,63.17,-0.38,BMRI
2024-07-18,6.55,6.55,6.6,6.5,132.53,1.55,BMRI
2024-07-17,6.45,6.45,6.525,6.375,109.73,1.57,BMRI
2024-07-16,6.35,6.4,6.4,6.3,64.69,0.0,BMRI
2024-07-15,6.35,6.45,6.45,6.3,66.07,-1.17,BMRI
2024-07-12,6.425,6.45,6.55,6.4,146.67,0.39,BMRI
2024-07-11,6.4,6.4,6.425,6.35,66.8,0.39,BMRI
2024-07-10,6.375,6.375,6.45,6.3,59.69,0.0,BMRI
2024-07-09,6.375,6.225,6.4,6.2,84.18,2.41,BMRI
2024-07-08,6.225,6.4,6.425,6.2,138.14,-3.11,BMRI
2024-07-05,6.425,6.325,6.5,6.3,111.65,2.8,BMRI
2024-07-04,6.25,6.25,6.4,6.225,90.15,0.4,BMRI
2024-07-03,6.225,6.275,6.3,6.1,70.02,0.4,BMRI
2024-07-02,6.2,6.275,6.35,6.15,159.36,-0.8,BMRI
2024-07-01,6.25,6.175,6.25,6.1,100.41,1.63,BMRI
2024-06-28,6.15,6.0,6.25,6.0,191.37,2.5,BMRI
2024-06-27,6.0,5.9,6.075,5.875,117.6,2.56,BMRI
2024-06-26,5.85,5.95,6.025,5.85,92.9,-1.27,BMRI
2024-06-25,5.925,5.925,5.975,5.825,159.98,-1.25,BMRI
2024-06-24,6.0,6.075,6.125,6.0,58.83,-2.04,BMRI
2024-06-21,6.125,6.05,6.2,6.025,188.72,2.94,BMRI
2024-06-20,5.95,5.825,5.95,5.75,82.66,3.48,BMRI
2024-06-19,5.75,5.775,5.85,5.675,116.0,0.0,BMRI
2024-06-14,5.75,5.85,5.875,5.65,203.24,-2.13,BMRI
2024-06-13,5.875,5.975,6.0,5.85,162.62,-0.84,BMRI
2024-06-12,5.925,6.05,6.075,5.9,120.86,-3.27,BMRI
2024-06-11,6.125,6.2,6.25,6.125,56.25,-2.39,BMRI
2024-06-10,6.275,6.275,6.35,6.2,80.15,0.0,BMRI
2024-06-07,6.275,6.25,6.275,6.15,99.09,1.62,BMRI
2024-06-06,6.175,6.125,6.2,6.075,85.74,2.92,BMRI
2024-06-05,6.0,6.125,6.15,5.975,105.17,-2.44,BMRI
2024-06-04,6.15,6.15,6.275,6.125,137.8,0.82,BMRI
2024-06-03,6.1,6.075,6.15,6.025,92.53,3.39,BMRI
2024-05-31,5.9,6.0,6.025,5.9,169.57,0.43,BMRI
2024-05-30,5.875,5.775,6.0,5.525,236.63,1.29,BMRI
2024-05-29,5.8,5.825,5.875,5.7,169.39,-2.52,BMRI
2024-05-28,5.95,5.85,6.025,5.825,93.7,2.15,BMRI
2024-05-27,5.825,6.025,6.05,5.825,258.45,-3.72,BMRI
2024-05-22,6.05,6.0,6.15,5.95,171.68,0.41,BMRI
2024-05-21,6.025,6.225,6.275,5.975,308.55,-4.74,BMRI
2024-05-20,6.325,6.55,6.625,6.2,168.8,-3.8,BMRI
2024-05-17,6.575,6.35,6.65,6.35,133.15,3.54,BMRI
2024-05-16,6.35,6.45,6.5,6.325,114.81,-0.39,BMRI
2024-05-15,6.375,6.2,6.4,6.2,80.92,2.82,BMRI
2024-05-14,6.2,6.175,6.3,6.175,94.05,0.0,BMRI
2024-05-13,6.2,6.2,6.275,6.125,128.64,-1.2,BMRI
2024-05-08,6.275,6.325,6.45,6.25,117.07,0.0,BMRI
2024-05-07,6.275,6.325,6.4,6.25,130.41,0.0,BMRI
2024-05-06,6.275,6.25,6.4,6.15,184.23,2.03,BMRI
2024-05-03,6.15,6.3,6.425,6.05,270.53,-2.77,BMRI
2024-05-02,6.325,6.8,6.8,6.05,501.85,-8.33,BMRI
2024-04-30,6.9,6.8,7.05,6.775,189.99,-0.36,BMRI
2024-04-29,6.925,6.65,6.95,6.65,77.94,2.59,BMRI
2024-04-26,6.75,7.0,7.025,6.75,125.88,-2.88,BMRI
2024-04-25,6.95,7.05,7.075,6.925,111.8,-1.42,BMRI
2024-04-24,7.05,6.925,7.05,6.9,117.59,3.3,BMRI
2024-04-23,6.825,6.85,6.925,6.725,107.63,1.49,BMRI
2024-04-22,6.725,6.875,6.875,6.575,121.73,0.0,BMRI
2024-04-19,6.725,6.725,6.8,6.65,47.94,-1.1,BMRI
2024-04-18,6.8,6.8,6.9,6.725,106.89,2.64,BMRI
2024-04-17,6.625,6.7,6.775,6.625,83.84,0.0,BMRI
2024-04-16,6.625,6.35,6.725,6.3,180.01,-2.93,BMRI
2024-04-05,6.825,6.825,6.9,6.825,46.11,-0.73,BMRI
2024-04-04,6.875,6.75,6.925,6.75,64.42,1.48,BMRI
2024-04-03,6.775,6.95,6.95,6.675,115.37,-1.81,BMRI
2024-04-02,6.9,6.9,6.9,6.7,135.76,0.0,BMRI
2024-04-01,6.9,7.25,7.25,6.75,158.36,-4.83,BMRI
2024-03-28,7.25,7.15,7.25,7.125,90.9,1.05,BMRI
2024-03-27,7.175,7.2,7.25,7.175,46.3,0.0,BMRI
2024-03-26,7.175,7.125,7.225,7.125,74.27,-1.03,BMRI
2024-03-25,7.25,7.05,7.25,7.0,78.21,2.84,BMRI
2024-03-22,7.05,7.0,7.075,6.95,87.32,0.0,BMRI
2024-03-21,7.05,7.1,7.2,7.05,81.77,0.0,BMRI
2024-03-20,7.05,7.05,7.05,7.0,83.42,-3.09,BMRI
2024-03-19,7.275,7.25,7.35,7.225,100.84,1.39,BMRI
2024-03-18,7.175,7.425,7.425,7.175,105.78,-3.04,BMRI
2024-03-15,7.4,7.45,7.5,7.275,250.58,0.0,BMRI
2024-03-14,7.4,7.25,7.4,7.225,161.19,1.72,BMRI
2024-03-13,7.275,7.25,7.275,7.15,126.02,2.11,BMRI
2024-03-08,7.125,7.15,7.175,7.1,109.03,0.35,BMRI
2024-03-07,7.1,7.075,7.125,7.025,94.95,0.35,BMRI
2024-03-06,7.075,7.0,7.1,7.0,74.18,0.71,BMRI
2024-03-05,7.025,7.075,7.1,7.0,92.56,0.0,BMRI
2024-03-04,7.025,7.0,7.05,6.975,44.71,0.0,BMRI
2024-03-01,7.025,7.05,7.075,6.975,90.74,0.36,BMRI
2024-02-29,7.0,7.125,7.15,7.0,150.73,-1.75,BMRI
2024-02-28,7.125,7.025,7.125,7.025,59.74,0.71,BMRI
2024-02-27,7.075,6.975,7.1,6.975,58.07,0.35,BMRI
2024-02-26,7.05,6.95,7.075,6.95,77.21,0.0,BMRI
2024-02-23,7.05,7.05,7.1,7.0,109.4,-0.7,BMRI
2024-02-22,7.1,7.175,7.2,7.1,85.74,-2.07,BMRI
2024-02-21,7.25,7.125,7.25,7.075,130.26,1.4,BMRI
2024-02-20,7.15,7.25,7.25,7.15,87.31,0.0,BMRI
2024-02-19,7.15,7.15,7.325,7.125,83.75,-0.69,BMRI
2024-02-16,7.2,7.375,7.4,7.2,142.02,0.0,BMRI
2024-02-15,7.2,7.3,7.375,7.15,220.53,2.49,BMRI
2024-02-13,7.025,7.1,7.125,7.025,102.67,-1.06,BMRI
2024-02-12,7.1,7.15,7.2,7.05,183.78,2.16,BMRI
2024-02-07,6.95,6.875,6.95,6.85,89.76,1.46,BMRI
2024-02-06,6.85,6.825,6.925,6.775,90.15,0.37,BMRI
2024-02-05,6.825,6.7,6.95,6.675,150.54,2.25,BMRI
2024-02-02,6.675,6.625,6.675,6.6,120.12,1.91,BMRI
2024-02-01,6.55,6.575,6.625,6.5,168.15,-1.5,BMRI
2024-01-31,6.65,6.65,6.7,6.65,128.19,0.0,BMRI
2024-01-30,6.65,6.475,6.7,6.45,123.33,2.7,BMRI
2024-01-29,6.475,6.35,6.475,6.275,124.75,2.78,BMRI
2024-01-26,6.3,6.25,6.325,6.225,77.24,0.4,BMRI
2024-01-25,6.275,6.325,6.4,6.25,99.09,-1.95,BMRI
2024-01-24,6.4,6.45,6.475,6.35,97.29,-1.54,BMRI
2024-01-23,6.5,6.525,6.55,6.45,77.04,0.0,BMRI
2024-01-22,6.5,6.5,6.55,6.45,96.99,-0.38,BMRI
2024-01-19,6.525,6.5,6.525,6.425,74.81,0.0,BMRI
2024-01-18,6.525,6.525,6.55,6.475,78.21,0.0,BMRI
2024-01-17,6.525,6.525,6.625,6.5,80.93,0.0,BMRI
2024-01-16,6.525,6.525,6.625,6.5,83.52,0.38,BMRI
2024-01-15,6.5,6.575,6.625,6.475,83.07,-1.14,BMRI
2024-01-12,6.575,6.575,6.675,6.525,114.04,1.94,BMRI
2024-01-11,6.45,6.425,6.5,6.4,41.46,0.39,BMRI
2024-01-10,6.425,6.375,6.45,6.325,50.02,0.78,BMRI
2024-01-09,6.375,6.425,6.45,6.35,77.95,-0.39,BMRI
2024-01-08,6.4,6.5,6.6,6.375,151.02,-0.39,BMRI
2024-01-05,6.425,6.4,6.475,6.35,114.34,1.18,BMRI
2024-01-04,6.35,6.125,6.4,6.1,152.51,4.1,BMRI
2024-01-03,6.1,6.1,6.15,6.05,30.05,-0.41,BMRI
2024-01-02,6.125,6.05,6.125,6.025,26.24,1.24,BMRI
2023-12-29,6.05,6.125,6.125,6.0,63.1,-1.22,BMRI
2023-12-28,6.125,6.05,6.15,6.0,75.12,2.08,BMRI
2023-12-27,6.0,6.0,6.025,5.925,48.7,0.42,BMRI
2023-12-22,5.975,5.95,5.975,5.925,29.98,0.0,BMRI
2023-12-21,5.975,5.95,5.975,5.925,50.36,0.84,BMRI
2023-12-20,5.925,5.9,5.975,5.9,65.36,-0.84,BMRI
2023-12-19,5.975,5.95,5.975,5.925,54.0,0.84,BMRI
2023-12-18,5.925,5.85,5.95,5.85,101.46,0.42,BMRI
2023-12-15,5.9,5.95,6.0,5.9,142.38,-0.84,BMRI
2023-12-14,5.95,5.825,6.025,5.8,189.38,3.93,BMRI
2023-12-13,5.725,5.75,5.775,5.7,121.45,-1.29,BMRI
2023-12-12,5.8,5.8,5.825,5.75,55.11,0.43,BMRI
2023-12-11,5.775,5.65,5.8,5.65,68.66,1.32,BMRI
2023-12-08,5.7,5.75,5.775,5.65,98.04,-0.87,BMRI
2023-12-07,5.75,5.8,5.825,5.725,97.97,-0.86,BMRI
2023-12-06,5.8,5.925,5.95,5.8,88.75,-2.93,BMRI
2023-12-05,5.975,6.0,6.0,5.875,58.67,-0.42,BMRI
2023-12-04,6.0,5.925,6.025,5.9,66.16,1.69,BMRI
2023-12-01,5.9,5.85,5.9,5.825,31.37,0.85,BMRI
2023-11-30,5.85,5.85,5.925,5.825,117.37,0.0,BMRI
2023-11-29,5.85,5.85,5.925,5.825,36.8,-0.85,BMRI
2023-11-28,5.9,5.9,5.925,5.875,58.26,0.0,BMRI
2023-11-27,5.9,5.9,5.925,5.875,39.72,0.43,BMRI
2023-11-24,5.875,5.925,5.925,5.85,33.28,-0.42,BMRI
2023-11-23,5.9,5.95,5.95,5.9,36.73,0.43,BMRI
2023-11-22,5.875,5.825,5.9,5.825,21.11,0.0,BMRI
2023-11-21,5.875,5.85,5.925,5.825,55.09,0.0,BMRI
2023-11-20,5.875,5.825,5.925,5.825,27.06,-0.42,BMRI
2023-11-17,5.9,5.875,5.95,5.85,33.96,-0.42,BMRI
2023-11-16,5.925,5.85,5.925,5.825,54.3,0.0,BMRI
2023-11-15,5.925,5.9,5.975,5.875,74.26,1.72,BMRI
2023-11-14,5.825,5.825,5.9,5.8,50.59,0.0,BMRI
2023-11-13,5.825,5.85,5.85,5.8,22.08,0.87,BMRI
2023-11-10,5.775,5.85,5.85,5.775,59.61,-1.7,BMRI
2023-11-09,5.875,5.825,5.9,5.8,45.03,0.43,BMRI
2023-11-08,5.85,5.775,5.85,5.725,63.55,-0.43,BMRI
2023-11-07,5.875,5.95,5.975,5.8,56.16,-0.84,BMRI
2023-11-06,5.925,5.9,5.925,5.85,58.27,1.72,BMRI
2023-11-03,5.825,5.925,5.975,5.825,53.38,-1.27,BMRI
2023-11-02,5.9,5.75,5.925,5.725,115.68,4.42,BMRI
2023-11-01,5.65,5.7,5.7,5.625,74.28,-0.44,BMRI
2023-10-31,5.675,5.8,5.85,5.65,99.45,-0.87,BMRI
2023-10-30,5.725,5.7,5.725,5.625,81.55,0.44,BMRI
2023-10-27,5.7,5.75,5.775,5.7,90.18,0.0,BMRI
2023-10-26,5.7,5.8,5.85,5.7,86.35,-2.56,BMRI
2023-10-25,5.85,5.825,5.9,5.775,90.43,1.74,BMRI
2023-10-24,5.75,5.7,5.8,5.675,72.47,1.32,BMRI
2023-10-23,5.675,5.7,5.725,5.625,73.9,-1.3,BMRI
2023-10-20,5.75,5.675,5.8,5.65,98.53,0.44,BMRI
2023-10-19,5.725,5.775,5.8,5.7,160.28,-2.14,BMRI
2023-10-18,5.85,5.925,5.95,5.825,91.87,-2.5,BMRI
2023-10-17,6.0,6.0,6.025,5.925,74.7,-0.41,BMRI
2023-10-16,6.025,6.025,6.075,5.975,60.41,-0.82,BMRI
2023-10-13,6.075,6.075,6.15,6.025,39.91,0.0,BMRI
2023-10-12,6.075,6.075,6.175,6.05,91.34,0.41,BMRI
2023-10-11,6.05,5.95,6.175,5.95,72.96,0.83,BMRI
2023-10-10,6.0,5.9,6.075,5.9,48.85,1.69,BMRI
2023-10-09,5.9,6.025,6.05,5.9,45.32,-2.07,BMRI
2023-10-06,6.025,6.15,6.15,6.025,25.91,-1.63,BMRI
2023-10-05,6.125,6.15,6.2,6.1,69.57,0.0,BMRI
2023-10-04,6.125,6.075,6.125,5.975,69.15,0.82,BMRI
2023-10-03,6.075,6.0,6.075,6.0,37.14,0.41,BMRI
2023-10-02,6.05,6.025,6.1,6.025,33.3,0.41,BMRI
2023-09-29,6.025,6.05,6.05,6.0,71.56,0.42,BMRI
2023-09-27,6.0,5.925,6.05,5.9,75.05,1.27,BMRI
2023-09-26,5.925,5.975,6.0,5.85,109.79,-1.25,BMRI
2023-09-25,6.0,6.0,6.05,5.975,40.71,0.0,BMRI
2023-09-22,6.0,6.0,6.05,5.975,51.07,0.0,BMRI
2023-09-21,6.0,6.05,6.075,5.975,60.54,-1.23,BMRI
2023-09-20,6.075,6.1,6.125,6.05,64.86,1.25,BMRI
2023-09-19,6.0,5.9,6.075,5.875,93.89,1.69,BMRI
2023-09-18,5.9,5.9,5.95,5.875,53.45,-0.42,BMRI
2023-09-15,5.925,5.9,5.975,5.85,165.11,1.72,BMRI
2023-09-14,5.825,5.825,5.875,5.775,59.13,-0.43,BMRI
2023-09-13,5.85,5.825,5.85,5.775,69.88,-0.43,BMRI
2023-09-12,5.875,5.95,5.95,5.85,54.08,-0.84,BMRI
2023-09-11,5.925,5.9,5.925,5.825,74.51,0.42,BMRI
2023-09-08,5.9,5.9,5.925,5.775,81.98,0.43,BMRI
2023-09-07,5.875,6.0,6.025,5.825,124.35,-2.89,BMRI
2023-09-06,6.05,6.05,6.125,6.05,40.55,-0.82,BMRI
2023-09-05,6.1,6.1,6.15,6.075,24.89,0.0,BMRI
2023-09-04,6.1,6.075,6.15,6.05,56.32,0.41,BMRI
2023-09-01,6.075,6.075,6.125,6.05,50.8,0.83,BMRI
2023-08-31,6.025,6.0,6.075,5.9,159.06,0.84,BMRI
2023-08-30,5.975,5.925,6.1,5.925,65.73,0.42,BMRI
2023-08-29,5.95,6.0,6.025,5.95,50.84,-0.83,BMRI
2023-08-28,6.0,5.95,6.025,5.9,63.98,1.69,BMRI
2023-08-25,5.9,5.9,5.925,5.825,65.09,-0.84,BMRI
2023-08-24,5.95,5.9,5.95,5.875,42.65,1.71,BMRI
2023-08-23,5.85,5.95,5.95,5.85,40.84,-1.68,BMRI
2023-08-22,5.95,5.8,5.95,5.8,93.62,2.15,BMRI
2023-08-21,5.825,5.8,5.875,5.8,61.85,0.87,BMRI
2023-08-18,5.775,5.725,5.825,5.725,104.89,-0.43,BMRI
2023-08-16,5.8,5.775,5.8,5.675,190.59,0.0,BMRI
2023-08-15,5.8,5.9,5.925,5.8,116.82,-2.52,BMRI
2023-08-14,5.95,5.925,5.95,5.8,86.46,0.42,BMRI
2023-08-11,5.925,5.975,6.025,5.9,46.57,-0.84,BMRI
2023-08-10,5.975,5.925,6.0,5.9,78.94,1.27,BMRI
2023-08-09,5.9,5.9,5.95,5.85,64.5,0.0,BMRI
2023-08-08,5.9,5.9,5.95,5.875,83.48,0.43,BMRI
2023-08-07,5.875,5.85,5.925,5.825,104.34,1.73,BMRI
2023-08-04,5.775,5.8,5.825,5.75,47.14,-0.43,BMRI
2023-08-03,5.8,5.725,5.825,5.7,68.59,1.75,BMRI
2023-08-02,5.7,5.625,5.75,5.6,133.55,0.88,BMRI
2023-08-01,5.65,5.65,5.725,5.6,114.7,-1.31,BMRI
2023-07-31,5.725,5.8,5.8,5.625,189.38,0.44,BMRI
2023-07-28,5.7,5.625,5.725,5.625,121.97,1.33,BMRI
2023-07-27,5.625,5.575,5.7,5.575,86.56,0.9,BMRI
2023-07-26,5.575,5.55,5.6,5.525,88.53,0.45,BMRI
2023-07-25,5.55,5.55,5.575,5.5,65.24,0.91,BMRI
2023-07-24,5.5,5.55,5.625,5.5,54.87,-0.9,BMRI
2023-07-21,5.55,5.55,5.575,5.45,111.28,0.45,BMRI
2023-07-20,5.525,5.4,5.55,5.4,132.05,3.27,BMRI
2023-07-18,5.35,5.375,5.425,5.3,84.11,-0.47,BMRI
2023-07-17,5.375,5.425,5.475,5.375,99.9,-0.46,BMRI
2023-07-14,5.4,5.4,5.425,5.35,122.34,0.93,BMRI
2023-07-13,5.35,5.375,5.375,5.275,101.28,0.94,BMRI
2023-07-12,5.3,5.3,5.375,5.25,123.95,0.47,BMRI
2023-07-11,5.275,5.2,5.3,5.175,100.58,1.93,BMRI
2023-07-10,5.175,5.175,5.225,5.15,82.69,0.49,BMRI
2023-07-07,5.15,5.275,5.3,5.15,128.52,-2.83,BMRI
2023-07-06,5.3,5.3,5.35,5.25,90.98,0.47,BMRI
2023-07-05,5.275,5.3,5.325,5.25,78.43,0.48,BMRI
2023-07-04,5.25,5.4,5.4,5.225,119.84,-1.87,BMRI
2023-07-03,5.35,5.125,5.35,5.125,227.36,2.88,BMRI
2023-06-27,5.2,5.175,5.25,5.15,101.61,1.46,BMRI
2023-06-26,5.125,5.1,5.175,5.075,74.26,0.99,BMRI
2023-06-23,5.075,5.075,5.125,5.05,47.28,0.0,BMRI
2023-06-22,5.075,5.1,5.15,5.075,60.46,-0.49,BMRI
2023-06-21,5.1,5.05,5.1,5.05,58.52,0.0,BMRI
2023-06-20,5.1,5.1,5.125,5.05,44.32,-0.49,BMRI
2023-06-19,5.125,5.1,5.15,5.1,36.21,-0.49,BMRI
2023-06-16,5.15,5.125,5.15,5.075,103.94,0.49,BMRI
2023-06-15,5.125,5.05,5.15,5.05,94.1,1.49,BMRI
2023-06-14,5.05,5.125,5.15,5.05,96.67,-0.98,BMRI
2023-06-13,5.1,5.1,5.175,5.05,143.8,0.0,BMRI
2023-06-12,5.1,5.1,5.125,5.05,91.08,-0.49,BMRI
2023-06-09,5.125,5.025,5.125,5.0,151.34,1.99,BMRI
2023-06-08,5.025,5.0,5.075,5.0,173.48,0.0,BMRI
2023-06-07,5.025,5.0,5.075,5.0,115.94,-0.5,BMRI
2023-06-06,5.05,5.05,5.1,4.95,244.62,-0.49,BMRI
2023-06-05,5.075,5.1,5.15,5.075,149.19,0.5,BMRI
2023-05-31,5.05,5.175,5.2,5.05,242.45,-1.94,BMRI
2023-05-30,5.15,5.1,5.2,5.1,60.3,0.0,BMRI
2023-05-29,5.15,5.175,5.175,5.1,60.65,0.49,BMRI
2023-05-26,5.125,5.175,5.2,5.1,42.31,-0.97,BMRI
2023-05-25,5.175,5.05,5.175,5.05,66.33,1.97,BMRI
2023-05-24,5.075,5.125,5.15,5.05,114.27,-0.98,BMRI
2023-05-23,5.125,5.2,5.25,5.1,140.09,-1.91,BMRI
2023-05-22,5.225,5.1,5.25,5.075,120.29,2.96,BMRI
2023-05-19,5.075,5.075,5.1,5.025,71.45,1.5,BMRI
2023-05-17,5.0,4.99,5.075,4.98,63.52,0.2,BMRI
2023-05-16,4.99,5.075,5.075,4.98,46.89,-1.19,BMRI
2023-05-15,5.05,5.05,5.05,5.0,65.31,1.0,BMRI
2023-05-12,5.0,5.075,5.075,5.0,90.82,-1.96,BMRI
2023-05-11,5.1,5.075,5.1,5.025,63.61,0.49,BMRI
2023-05-10,5.075,5.05,5.125,5.05,58.17,0.5,BMRI
2023-05-09,5.05,5.1,5.125,5.05,94.1,-1.46,BMRI
2023-05-08,5.125,5.175,5.2,5.125,64.68,-0.97,BMRI
2023-05-05,5.175,5.175,5.2,5.125,55.13,0.0,BMRI
2023-05-04,5.175,5.175,5.225,5.125,92.25,-0.96,BMRI
2023-05-03,5.225,5.25,5.25,5.15,92.72,-0.48,BMRI
2023-05-02,5.25,5.25,5.25,5.175,117.68,1.45,BMRI
2023-04-28,5.175,5.225,5.225,5.15,116.96,-0.48,BMRI
2023-04-27,5.2,5.175,5.225,5.175,66.31,0.0,BMRI
2023-04-26,5.2,5.4,5.425,5.175,207.34,0.48,BMRI
2023-04-18,5.175,5.15,5.25,5.125,107.12,0.98,BMRI
2023-04-17,5.125,5.225,5.25,5.125,95.83,-1.91,BMRI
2023-04-14,5.225,5.15,5.25,5.15,123.63,1.95,BMRI
2023-04-13,5.125,5.175,5.2,5.125,89.93,-0.49,BMRI
2023-04-12,5.15,5.1,5.225,5.1,95.91,0.98,BMRI
2023-04-11,5.1,5.1,5.1,5.05,37.78,0.0,BMRI
2023-04-10,5.1,5.15,5.175,5.05,67.02,-1.45,BMRI
2023-04-06,5.175,5.225,5.225,5.15,48.18,-0.96,BMRI
2023-04-05,5.225,5.15,5.25,5.15,43.37,0.48,BMRI
2023-04-04,5.2,5.25,5.3,5.1,84.14,-1.19,BMRI
2023-04-03,5.263,5.2,5.263,5.2,92.31,1.94,BMRI
2023-03-31,5.163,5.138,5.163,5.1,95.56,0.98,BMRI
2023-03-30,5.113,5.175,5.2,5.113,97.19,-1.21,BMRI
2023-03-29,5.175,5.125,5.188,5.1,88.21,2.22,BMRI
2023-03-28,5.063,5.1,5.138,5.05,86.37,-0.74,BMRI
2023-03-27,5.1,5.2,5.213,5.1,152.3,-6.42,BMRI
2023-03-24,5.45,5.313,5.475,5.288,263.58,3.81,BMRI
2023-03-21,5.25,5.05,5.25,5.038,116.46,5.0,BMRI
2023-03-20,5.0,5.025,5.05,5.0,46.45,-0.99,BMRI
2023-03-17,5.05,4.975,5.063,4.963,175.66,2.54,BMRI
2023-03-16,4.925,5.038,5.038,4.913,124.9,-1.99,BMRI
2023-03-15,5.025,5.025,5.088,4.925,233.24,1.26,BMRI
2023-03-14,4.963,5.1,5.138,4.925,192.77,-4.11,BMRI
2023-03-13,5.175,5.138,5.188,5.113,92.83,-0.24,BMRI
2023-03-10,5.188,5.213,5.213,5.138,111.42,-0.72,BMRI
2023-03-09,5.225,5.2,5.25,5.175,83.29,1.7,BMRI
2023-03-08,5.138,5.125,5.138,5.088,87.87,0.98,BMRI
2023-03-07,5.088,5.075,5.138,5.063,70.48,0.49,BMRI
2023-03-06,5.063,5.088,5.113,5.038,53.84,0.75,BMRI
2023-03-03,5.025,5.1,5.125,5.013,88.63,-1.71,BMRI
2023-03-02,5.113,5.075,5.15,5.075,73.02,1.24,BMRI
2023-03-01,5.05,5.075,5.1,5.025,89.57,1.0,BMRI
2023-02-28,5.0,5.038,5.075,5.0,146.44,-1.48,BMRI
2023-02-27,5.075,5.038,5.075,5.025,39.61,0.25,BMRI
2023-02-24,5.063,5.063,5.113,5.038,63.51,0.5,BMRI
2023-02-23,5.038,4.988,5.05,4.963,177.53,0.75,BMRI
2023-02-22,5.0,5.063,5.088,4.975,90.13,-1.96,BMRI
2023-02-21,5.1,5.15,5.15,5.088,52.6,-0.73,BMRI
2023-02-20,5.138,5.15,5.15,5.1,40.95,-0.24,BMRI
2023-02-17,5.15,5.088,5.15,5.05,49.8,1.23,BMRI
2023-02-16,5.088,5.113,5.138,5.063,49.61,-0.49,BMRI
2023-02-15,5.113,5.15,5.175,5.05,90.23,-1.45,BMRI
2023-02-14,5.188,5.225,5.225,5.138,32.26,0.24,BMRI
2023-02-13,5.175,5.275,5.275,5.125,47.97,0.49,BMRI
2023-02-10,5.15,5.225,5.225,5.075,81.11,0.49,BMRI
2023-02-09,5.125,5.15,5.2,5.125,108.52,0.49,BMRI
2023-02-08,5.1,5.063,5.113,5.05,75.66,0.25,BMRI
2023-02-07,5.088,4.975,5.113,4.95,118.13,3.04,BMRI
2023-02-06,4.938,4.963,5.025,4.875,109.1,-0.5,BMRI
2023-02-03,4.963,4.875,4.975,4.875,108.13,2.06,BMRI
2023-02-02,4.863,4.863,4.875,4.788,77.3,0.26,BMRI
2023-02-01,4.85,4.975,5.025,4.838,165.73,-2.51,BMRI
2023-01-31,4.975,5.013,5.05,4.938,137.34,0.0,BMRI
2023-01-30,4.975,5.013,5.063,4.938,107.03,-0.75,BMRI
2023-01-27,5.013,4.95,5.075,4.95,199.73,2.04,BMRI
2023-01-26,4.913,4.888,4.938,4.875,71.18,1.29,BMRI
2023-01-25,4.85,4.9,4.925,4.85,62.82,-2.02,BMRI
2023-01-24,4.95,4.925,4.988,4.9,32.7,-0.75,BMRI
2023-01-20,4.988,4.925,5.0,4.9,80.1,2.31,BMRI
2023-01-19,4.875,4.8,4.913,4.763,70.23,2.09,BMRI
2023-01-18,4.775,4.825,4.888,4.75,95.87,-2.05,BMRI
2023-01-17,4.875,4.7,4.913,4.688,146.24,4.84,BMRI
2023-01-16,4.65,4.55,4.675,4.55,132.49,1.36,BMRI
2023-01-13,4.588,4.563,4.613,4.525,107.49,-0.27,BMRI
2023-01-12,4.6,4.5,4.725,4.5,205.62,2.79,BMRI
2023-01-11,4.475,4.538,4.588,4.45,225.94,-3.5,BMRI
2023-01-10,4.638,4.75,4.775,4.588,192.0,-4.63,BMRI
2023-01-09,4.863,4.875,4.925,4.8,67.26,-0.77,BMRI
2023-01-06,4.9,4.863,4.9,4.8,44.1,-0.25,BMRI
2023-01-05,4.913,5.025,5.025,4.863,84.95,-2.0,BMRI
2023-01-04,5.013,5.013,5.038,4.988,38.58,0.75,BMRI
2023-01-03,4.975,4.925,4.988,4.925,13.82,0.76,BMRI
2023-01-02,4.938,4.963,4.988,4.938,7.07,-0.5,BMRI
2022-12-30,4.963,5.0,5.025,4.963,40.66,-0.5,BMRI
2022-12-29,4.988,4.95,4.988,4.938,56.98,0.0,BMRI
2022-12-28,4.988,5.0,5.0,4.925,37.69,0.25,BMRI
2022-12-27,4.975,5.025,5.025,4.938,46.28,-1.0,BMRI
2022-12-26,5.025,4.988,5.025,4.975,19.58,1.26,BMRI
2022-12-23,4.963,4.95,5.0,4.95,38.57,-0.25,BMRI
2022-12-22,4.975,5.05,5.05,4.975,65.63,-0.5,BMRI
2022-12-21,5.0,5.063,5.063,5.0,37.96,-0.5,BMRI
2022-12-20,5.025,5.0,5.025,4.975,56.64,0.5,BMRI
2022-12-19,5.0,5.0,5.038,4.95,88.02,-0.99,BMRI
2022-12-16,5.05,4.913,5.05,4.913,430.64,2.02,BMRI
2022-12-15,4.95,4.95,5.013,4.95,66.46,-0.5,BMRI
2022-12-14,4.975,5.038,5.05,4.975,162.69,0.51,BMRI
2022-12-13,4.95,4.888,5.0,4.888,200.59,-0.5,BMRI
2022-12-12,4.975,4.913,5.0,4.888,165.8,0.25,BMRI
2022-12-09,4.963,4.975,5.025,4.913,220.82,-1.24,BMRI
2022-12-08,5.025,5.038,5.113,4.988,258.26,-3.13,BMRI
2022-12-07,5.188,5.313,5.35,5.188,173.35,-4.82,BMRI
2022-12-06,5.45,5.438,5.5,5.363,139.36,0.23,BMRI
2022-12-05,5.438,5.325,5.5,5.288,167.73,3.33,BMRI
2022-12-02,5.263,5.2,5.263,5.163,70.81,1.2,BMRI
2022-12-01,5.2,5.263,5.325,5.2,118.05,-1.19,BMRI
2022-11-30,5.263,5.163,5.4,5.163,234.34,1.94,BMRI
2022-11-29,5.163,5.125,5.225,5.1,65.81,1.98,BMRI
2022-11-28,5.063,5.088,5.138,5.063,54.06,-0.49,BMRI
2022-11-25,5.088,5.113,5.113,5.05,64.42,-0.49,BMRI
2022-11-24,5.113,5.113,5.15,5.1,73.13,0.25,BMRI
2022-11-23,5.1,5.063,5.15,5.063,80.26,0.74,BMRI
2022-11-22,5.063,5.025,5.125,5.025,79.85,0.25,BMRI
2022-11-21,5.05,5.088,5.1,5.013,64.13,-0.74,BMRI
2022-11-18,5.088,4.975,5.113,4.963,111.65,2.78,BMRI
2022-11-17,4.95,4.925,5.013,4.925,167.63,-1.0,BMRI
2022-11-16,5.0,5.05,5.088,4.95,128.29,-2.44,BMRI
2022-11-15,5.125,5.15,5.15,5.05,68.66,0.0,BMRI
2022-11-14,5.125,5.275,5.275,5.075,73.95,-1.68,BMRI
2022-11-11,5.213,5.15,5.225,5.113,102.01,3.22,BMRI
2022-11-10,5.05,5.025,5.075,5.0,53.26,-0.49,BMRI
2022-11-09,5.075,5.025,5.075,5.025,47.78,0.0,BMRI
2022-11-08,5.075,5.138,5.138,5.038,39.6,-0.98,BMRI
2022-11-07,5.125,5.088,5.125,5.0,81.86,0.99,BMRI
2022-11-04,5.075,5.013,5.075,5.0,61.49,-0.25,BMRI
2022-11-03,5.088,4.975,5.1,4.975,105.33,0.99,BMRI
2022-11-02,5.038,5.188,5.2,4.988,113.94,-3.13,BMRI
2022-11-01,5.2,5.3,5.3,5.113,101.03,-1.42,BMRI
2022-10-31,5.275,5.15,5.275,5.113,138.12,3.43,BMRI
2022-10-28,5.1,5.063,5.113,5.05,83.86,0.0,BMRI
2022-10-27,5.1,5.1,5.163,5.025,84.53,0.0,BMRI
2022-10-26,5.1,5.113,5.125,5.0,70.25,-0.24,BMRI
2022-10-25,5.113,5.138,5.225,5.113,83.42,-0.24,BMRI
2022-10-24,5.125,5.163,5.25,5.125,102.17,-0.97,BMRI
2022-10-21,5.175,5.0,5.225,4.963,183.99,4.55,BMRI
2022-10-20,4.95,4.675,4.963,4.675,102.42,4.49,BMRI
2022-10-19,4.738,4.688,4.788,4.663,71.54,-0.26,BMRI
2022-10-18,4.75,4.75,4.788,4.725,67.9,0.53,BMRI
2022-10-17,4.725,4.725,4.738,4.65,60.91,0.53,BMRI
2022-10-14,4.7,4.825,4.825,4.688,106.77,-0.79,BMRI
2022-10-13,4.738,4.75,4.775,4.663,58.83,0.53,BMRI
2022-10-12,4.713,4.688,4.75,4.65,118.73,1.34,BMRI
2022-10-11,4.65,4.713,4.713,4.625,71.93,0.0,BMRI
2022-10-10,4.65,4.688,4.7,4.638,55.47,-1.33,BMRI
2022-10-07,4.713,4.663,4.713,4.638,51.27,1.07,BMRI
2022-10-06,4.663,4.65,4.663,4.613,43.28,0.54,BMRI
2022-10-05,4.638,4.65,4.738,4.638,75.89,0.54,BMRI
2022-10-04,4.613,4.65,4.688,4.613,90.25,-0.54,BMRI
2022-10-03,4.638,4.663,4.688,4.613,54.66,-1.59,BMRI
2022-09-30,4.713,4.65,4.713,4.613,113.5,1.89,BMRI
2022-09-29,4.625,4.675,4.688,4.6,67.95,-0.54,BMRI
2022-09-28,4.65,4.725,4.8,4.638,133.09,-0.53,BMRI
2022-09-27,4.675,4.625,4.675,4.6,130.96,1.08,BMRI
2022-09-26,4.625,4.563,4.688,4.475,133.77,0.54,BMRI
2022-09-23,4.6,4.6,4.625,4.575,61.88,0.0,BMRI
2022-09-22,4.6,4.638,4.65,4.588,96.48,-0.81,BMRI
2022-09-21,4.638,4.575,4.638,4.55,71.04,0.82,BMRI
2022-09-20,4.6,4.663,4.688,4.6,140.75,-0.27,BMRI
2022-09-19,4.613,4.625,4.65,4.575,137.4,1.37,BMRI
2022-09-16,4.55,4.638,4.65,4.513,167.81,-2.67,BMRI
2022-09-15,4.675,4.7,4.75,4.65,156.75,0.54,BMRI
2022-09-14,4.65,4.638,4.7,4.6,119.63,-1.59,BMRI
2022-09-13,4.725,4.625,4.75,4.613,185.49,3.0,BMRI
2022-09-12,4.588,4.575,4.6,4.538,110.82,1.1,BMRI
2022-09-09,4.538,4.538,4.55,4.475,128.51,1.4,BMRI
2022-09-08,4.475,4.45,4.55,4.413,96.93,0.85,BMRI
2022-09-07,4.438,4.388,4.438,4.363,87.44,0.57,BMRI
2022-09-06,4.413,4.488,4.5,4.4,65.35,-1.4,BMRI
2022-09-05,4.475,4.425,4.5,4.4,60.49,1.13,BMRI
2022-09-02,4.425,4.488,4.5,4.363,83.17,-0.84,BMRI
2022-09-01,4.463,4.425,4.475,4.338,120.97,0.85,BMRI
2022-08-31,4.425,4.25,4.425,4.225,151.63,2.31,BMRI
2022-08-30,4.325,4.313,4.375,4.288,97.63,1.17,BMRI
2022-08-29,4.275,4.2,4.3,4.175,73.77,0.59,BMRI
2022-08-26,4.25,4.313,4.325,4.25,82.36,-0.87,BMRI
2022-08-25,4.288,4.275,4.313,4.213,77.25,-0.58,BMRI
2022-08-24,4.313,4.3,4.35,4.275,60.96,0.0,BMRI
2022-08-23,4.313,4.25,4.338,4.225,95.55,1.17,BMRI
2022-08-22,4.263,4.213,4.275,4.175,121.4,0.29,BMRI
2022-08-19,4.25,4.3,4.325,4.25,48.29,-1.16,BMRI
2022-08-18,4.3,4.388,4.4,4.288,116.69,0.88,BMRI
2022-08-16,4.263,4.275,4.325,4.238,109.26,0.89,BMRI
2022-08-15,4.225,4.225,4.275,4.2,44.46,-0.29,BMRI
2022-08-12,4.238,4.263,4.288,4.213,63.55,-0.59,BMRI
2022-08-11,4.263,4.313,4.338,4.213,106.63,-0.87,BMRI
2022-08-10,4.3,4.175,4.3,4.125,79.95,1.47,BMRI
2022-08-09,4.238,4.213,4.3,4.2,117.15,1.5,BMRI
2022-08-08,4.175,4.125,4.175,4.113,82.52,1.21,BMRI
2022-08-05,4.125,4.138,4.15,4.088,64.15,0.0,BMRI
2022-08-04,4.125,4.15,4.15,4.075,59.8,0.0,BMRI
2022-08-03,4.125,4.088,4.125,4.025,55.82,0.92,BMRI
2022-08-02,4.088,4.0,4.088,3.988,57.46,2.51,BMRI
2022-08-01,3.988,4.1,4.113,3.988,95.91,-3.63,BMRI
2022-07-29,4.138,4.113,4.175,4.075,132.71,2.8,BMRI
2022-07-28,4.025,4.013,4.1,4.013,94.43,-0.62,BMRI
2022-07-27,4.05,4.025,4.063,4.0,87.44,1.25,BMRI
2022-07-26,4.0,3.913,4.013,3.9,58.32,2.89,BMRI
2022-07-25,3.888,3.938,3.95,3.888,30.75,-0.96,BMRI
2022-07-22,3.925,3.963,3.963,3.888,54.46,-0.63,BMRI
2022-07-21,3.95,4.0,4.0,3.863,125.7,0.0,BMRI
2022-07-20,3.95,3.775,3.975,3.775,215.71,6.4,BMRI
2022-07-19,3.713,3.675,3.725,3.638,128.96,1.02,BMRI
2022-07-18,3.675,3.613,3.675,3.613,152.08,2.44,BMRI
2022-07-15,3.588,3.65,3.7,3.588,191.95,-1.37,BMRI
2022-07-14,3.638,3.625,3.688,3.6,158.44,0.0,BMRI
2022-07-13,3.638,3.7,3.713,3.638,142.49,-2.02,BMRI
2022-07-12,3.713,3.738,3.738,3.688,51.52,-0.67,BMRI
2022-07-11,3.738,3.738,3.763,3.7,22.86,0.0,BMRI
2022-07-08,3.738,3.775,3.775,3.7,57.16,0.67,BMRI
2022-07-07,3.713,3.75,3.775,3.713,120.44,-1.33,BMRI
2022-07-06,3.763,3.825,3.825,3.675,180.81,-1.63,BMRI
2022-07-05,3.825,3.725,3.863,3.725,90.92,3.38,BMRI
2022-07-04,3.7,3.788,3.838,3.638,246.42,-2.63,BMRI
2022-07-01,3.8,3.938,3.963,3.788,191.67,-4.1,BMRI
2022-06-30,3.963,4.0,4.05,3.95,125.51,-0.31,BMRI
2022-06-29,3.975,4.05,4.063,3.975,93.08,-2.15,BMRI
2022-06-28,4.063,4.075,4.1,4.0,97.27,-1.22,BMRI
2022-06-27,4.113,4.2,4.2,4.038,77.47,-0.9,BMRI
2022-06-24,4.15,4.1,4.15,4.075,60.64,1.84,BMRI
2022-06-23,4.075,4.075,4.113,4.05,48.82,0.0,BMRI
2022-06-22,4.075,4.1,4.138,4.063,88.31,-1.21,BMRI
2022-06-21,4.125,4.15,4.175,4.1,63.0,0.0,BMRI
2022-06-20,4.125,4.05,4.125,4.025,74.98,2.17,BMRI
2022-06-17,4.038,4.088,4.125,4.038,156.84,-3.58,BMRI
2022-06-16,4.188,4.25,4.25,4.15,186.69,0.9,BMRI
2022-06-15,4.15,4.063,4.163,4.063,142.4,1.22,BMRI
2022-06-14,4.1,4.0,4.1,4.0,100.14,1.23,BMRI
2022-06-13,4.05,4.0,4.05,3.975,122.47,-0.92,BMRI
2022-06-10,4.088,4.138,4.163,4.075,165.12,-2.97,BMRI
2022-06-09,4.213,4.2,4.25,4.175,216.8,0.3,BMRI
2022-06-08,4.2,4.113,4.213,4.075,153.41,1.2,BMRI
2022-06-07,4.15,4.1,4.175,4.075,132.67,1.84,BMRI
2022-06-06,4.075,4.1,4.175,4.013,148.78,-0.61,BMRI
2022-06-03,4.1,4.138,4.15,4.1,147.96,0.0,BMRI
2022-06-02,4.1,4.163,4.175,4.025,203.02,-3.53,BMRI
2022-05-31,4.25,4.138,4.25,4.113,262.05,3.66,BMRI
2022-05-30,4.1,4.1,4.1,4.0,117.62,1.23,BMRI
2022-05-27,4.05,4.0,4.063,3.975,155.08,3.18,BMRI
2022-05-25,3.925,3.95,4.025,3.913,132.64,-0.95,BMRI
2022-05-24,3.963,3.975,4.025,3.95,134.56,0.63,BMRI
2022-05-23,3.938,4.025,4.038,3.9,144.01,-1.56,BMRI
2022-05-20,4.0,3.975,4.025,3.975,106.87,1.27,BMRI
2022-05-19,3.95,3.9,3.963,3.875,127.74,0.0,BMRI
2022-05-18,3.95,3.988,4.013,3.9,162.52,0.64,BMRI
2022-05-17,3.925,3.9,4.0,3.9,149.55,0.64,BMRI
2022-05-13,3.9,3.938,3.95,3.875,165.51,-0.95,BMRI
2022-05-12,3.938,3.988,4.025,3.863,162.73,-1.56,BMRI
2022-05-11,4.0,4.05,4.1,4.0,198.92,-1.23,BMRI
2022-05-10,4.05,3.913,4.088,3.913,498.44,-2.7,BMRI
2022-05-09,4.163,4.313,4.338,4.163,351.64,-6.98,BMRI
2022-04-28,4.475,4.388,4.538,4.338,443.16,8.81,BMRI
2022-04-27,4.113,4.138,4.213,4.113,118.27,-1.5,BMRI
2022-04-26,4.175,4.125,4.213,4.113,131.93,1.52,BMRI
2022-04-25,4.113,4.1,4.225,4.013,179.08,-0.6,BMRI
2022-04-22,4.138,4.1,4.163,4.038,168.3,-0.3,BMRI
2022-04-21,4.15,4.0,4.2,3.963,337.36,5.73,BMRI
2022-04-20,3.925,3.825,3.95,3.813,164.35,3.63,BMRI
2022-04-19,3.788,3.813,3.838,3.788,104.51,-0.66,BMRI
2022-04-18,3.813,3.838,3.863,3.788,101.5,-0.65,BMRI
2022-04-14,3.838,3.863,3.875,3.825,63.28,-0.65,BMRI
2022-04-13,3.863,3.838,3.875,3.825,90.56,0.32,BMRI
2022-04-12,3.85,3.838,3.875,3.813,92.69,0.33,BMRI
2022-04-11,3.838,3.85,3.875,3.825,107.97,-0.32,BMRI
2022-04-08,3.85,3.9,3.9,3.838,94.62,0.0,BMRI
2022-04-07,3.85,3.838,3.888,3.813,136.16,0.33,BMRI
2022-04-06,3.838,3.9,3.9,3.825,129.48,-1.92,BMRI
2022-04-05,3.913,3.9,3.938,3.9,82.38,0.0,BMRI
2022-04-04,3.913,3.913,3.95,3.888,82.01,-0.63,BMRI
2022-04-01,3.938,3.95,3.95,3.888,62.91,-0.32,BMRI
2022-03-31,3.95,3.963,3.988,3.925,69.17,0.32,BMRI
2022-03-30,3.938,3.975,3.988,3.925,82.48,-0.63,BMRI
2022-03-29,3.963,3.988,4.013,3.938,160.11,0.63,BMRI
2022-03-28,3.938,3.938,3.95,3.9,95.35,0.32,BMRI
2022-03-25,3.925,3.975,3.988,3.888,136.08,-0.95,BMRI
2022-03-24,3.963,3.85,3.963,3.85,210.91,1.93,BMRI
2022-03-23,3.888,3.838,3.9,3.825,183.89,1.3,BMRI
2022-03-22,3.838,3.85,3.875,3.825,112.67,0.33,BMRI
2022-03-21,3.825,3.838,3.863,3.8,162.36,-3.47,BMRI
2022-03-18,3.963,3.988,4.0,3.938,212.23,-0.31,BMRI
2022-03-17,3.975,4.0,4.05,3.975,235.56,0.0,BMRI
2022-03-16,3.975,3.9,4.025,3.9,291.91,2.25,BMRI
2022-03-15,3.888,3.9,3.938,3.888,146.74,0.32,BMRI
2022-03-14,3.875,3.825,3.913,3.813,173.51,1.31,BMRI
2022-03-11,3.825,3.863,3.863,3.8,122.4,-0.33,BMRI
2022-03-10,3.838,3.85,3.875,3.8,105.8,0.66,BMRI
2022-03-09,3.813,3.788,3.863,3.788,115.11,0.99,BMRI
2022-03-08,3.775,3.813,3.85,3.775,104.07,0.0,BMRI
2022-03-07,3.775,3.775,3.813,3.75,137.67,-1.31,BMRI
2022-03-04,3.825,3.85,3.863,3.8,104.91,0.33,BMRI
2022-03-02,3.813,3.825,3.863,3.775,110.82,-0.33,BMRI
2022-03-01,3.825,3.838,3.925,3.825,149.53,-0.65,BMRI
2022-02-25,3.85,3.863,3.875,3.825,163.3,0.0,BMRI
2022-02-24,3.85,3.863,3.938,3.825,170.3,-2.22,BMRI
2022-02-23,3.938,3.963,3.975,3.913,85.99,0.0,BMRI
2022-02-22,3.938,3.913,3.95,3.888,69.48,0.32,BMRI
2022-02-21,3.925,3.925,3.963,3.925,31.72,0.0,BMRI
2022-02-18,3.925,3.913,3.975,3.875,81.3,0.0,BMRI
2022-02-17,3.925,3.938,3.938,3.838,103.04,0.0,BMRI
2022-02-16,3.925,3.963,3.963,3.875,74.79,-0.63,BMRI
2022-02-15,3.95,3.9,3.95,3.838,67.8,1.28,BMRI
2022-02-14,3.9,3.85,3.9,3.813,76.26,0.97,BMRI
2022-02-11,3.863,3.888,3.888,3.825,81.58,0.0,BMRI
2022-02-10,3.863,3.85,3.875,3.825,107.68,0.65,BMRI
2022-02-09,3.838,3.85,3.863,3.8,107.36,0.66,BMRI
2022-02-08,3.813,3.8,3.863,3.775,158.58,1.67,BMRI
2022-02-07,3.75,3.825,3.825,3.738,68.87,0.33,BMRI
2022-02-04,3.738,3.725,3.763,3.7,36.63,0.0,BMRI
2022-02-03,3.738,3.738,3.738,3.675,60.2,0.0,BMRI
2022-02-02,3.738,3.763,3.763,3.725,68.77,0.0,BMRI
2022-01-31,3.738,3.888,3.888,3.725,101.7,-2.29,BMRI
2022-01-28,3.825,3.813,3.825,3.775,121.15,1.32,BMRI
2022-01-27,3.775,3.738,3.8,3.7,113.62,1.0,BMRI
2022-01-26,3.738,3.65,3.738,3.613,140.64,3.46,BMRI
2022-01-25,3.613,3.6,3.625,3.575,69.27,-0.69,BMRI
2022-01-24,3.638,3.638,3.638,3.6,44.48,-0.34,BMRI
2022-01-21,3.65,3.588,3.65,3.563,76.81,1.74,BMRI
2022-01-20,3.588,3.55,3.588,3.513,53.07,2.14,BMRI
2022-01-19,3.513,3.588,3.6,3.5,103.09,-3.1,BMRI
2022-01-18,3.625,3.588,3.625,3.55,64.48,0.69,BMRI
2022-01-17,3.6,3.625,3.638,3.575,43.19,0.35,BMRI
2022-01-14,3.588,3.538,3.613,3.538,43.65,0.7,BMRI
2022-01-13,3.563,3.575,3.588,3.55,35.76,-0.35,BMRI
2022-01-12,3.575,3.525,3.575,3.525,34.25,1.42,BMRI
2022-01-11,3.525,3.55,3.55,3.5,50.37,0.0,BMRI
2022-01-10,3.525,3.538,3.55,3.525,44.38,0.0,BMRI
2022-01-07,3.525,3.513,3.55,3.513,68.45,0.36,BMRI
2022-01-06,3.513,3.538,3.538,3.475,65.65,0.0,BMRI
2022-01-05,3.513,3.575,3.588,3.463,98.91,-2.09,BMRI
2022-01-04,3.588,3.538,3.6,3.525,44.54,1.77,BMRI
2022-01-03,3.525,3.55,3.563,3.513,31.0,0.36,BMRI
2021-12-30,3.513,3.55,3.563,3.513,34.95,-1.06,BMRI
2021-12-29,3.55,3.538,3.563,3.5,20.86,0.71,BMRI
2021-12-28,3.525,3.525,3.525,3.488,39.84,0.71,BMRI
2021-12-27,3.5,3.525,3.55,3.488,34.1,-0.71,BMRI
2021-12-24,3.525,3.55,3.575,3.475,54.9,-0.35,BMRI
2021-12-23,3.538,3.525,3.575,3.525,44.57,0.35,BMRI
2021-12-22,3.525,3.588,3.6,3.525,34.81,-1.4,BMRI
2021-12-21,3.575,3.575,3.625,3.55,49.86,1.06,BMRI
2021-12-20,3.538,3.55,3.575,3.538,57.93,-1.05,BMRI
2021-12-17,3.575,3.613,3.613,3.538,83.95,-1.38,BMRI
2021-12-16,3.625,3.65,3.663,3.6,69.08,-0.34,BMRI
2021-12-15,3.638,3.575,3.663,3.563,75.68,1.39,BMRI
2021-12-14,3.588,3.563,3.6,3.55,65.06,0.7,BMRI
2021-12-13,3.563,3.6,3.613,3.563,50.09,-1.04,BMRI
2021-12-10,3.6,3.6,3.613,3.55,93.53,-2.04,BMRI
2021-12-09,3.675,3.625,3.675,3.563,42.69,2.8,BMRI
2021-12-08,3.575,3.638,3.65,3.575,56.06,-2.05,BMRI
2021-12-07,3.65,3.588,3.65,3.588,64.29,1.74,BMRI
2021-12-06,3.588,3.575,3.625,3.55,52.05,0.35,BMRI
2021-12-03,3.575,3.6,3.613,3.55,46.11,-0.69,BMRI
2021-12-02,3.6,3.538,3.625,3.5,70.42,1.77,BMRI
2021-12-01,3.538,3.5,3.563,3.475,93.12,1.07,BMRI
2021-11-30,3.5,3.625,3.625,3.475,219.34,-2.44,BMRI
2021-11-29,3.588,3.55,3.638,3.463,112.67,1.06,BMRI
2021-11-26,3.55,3.663,3.663,3.538,78.63,-3.4,BMRI
2021-11-25,3.675,3.613,3.688,3.588,97.47,2.8,BMRI
2021-11-24,3.575,3.563,3.588,3.55,56.22,0.0,BMRI
2021-11-23,3.575,3.613,3.638,3.55,63.13,-2.72,BMRI
2021-11-22,3.675,3.675,3.75,3.613,92.37,1.38,BMRI
2021-11-19,3.625,3.588,3.65,3.575,101.13,1.05,BMRI
2021-11-18,3.588,3.6,3.613,3.575,30.91,-0.69,BMRI
2021-11-17,3.613,3.613,3.625,3.575,72.79,0.0,BMRI
2021-11-16,3.613,3.525,3.613,3.513,76.14,2.48,BMRI
2021-11-15,3.525,3.55,3.575,3.525,40.13,-0.7,BMRI
2021-11-12,3.55,3.638,3.638,3.525,56.81,-1.73,BMRI
2021-11-11,3.613,3.563,3.613,3.513,86.36,1.05,BMRI
2021-11-10,3.575,3.438,3.575,3.438,156.12,4.0,BMRI
2021-11-09,3.438,3.525,3.55,3.425,120.57,-1.79,BMRI
2021-11-08,3.5,3.6,3.6,3.5,50.52,-1.41,BMRI
2021-11-05,3.55,3.625,3.625,3.5,48.04,-1.05,BMRI
2021-11-04,3.588,3.625,3.65,3.588,103.73,0.7,BMRI
2021-11-03,3.563,3.488,3.625,3.463,107.56,1.42,BMRI
2021-11-02,3.513,3.588,3.6,3.5,51.92,-2.09,BMRI
2021-11-01,3.588,3.625,3.625,3.575,65.62,0.0,BMRI
2021-10-29,3.588,3.588,3.65,3.575,160.95,2.14,BMRI
2021-10-28,3.513,3.563,3.575,3.5,99.02,-1.75,BMRI
2021-10-27,3.575,3.6,3.613,3.563,82.93,-0.35,BMRI
2021-10-26,3.588,3.55,3.6,3.55,55.87,0.7,BMRI
2021-10-25,3.563,3.588,3.625,3.563,76.3,-1.04,BMRI
2021-10-22,3.6,3.55,3.613,3.538,65.78,0.35,BMRI
2021-10-21,3.588,3.588,3.663,3.563,189.26,-0.35,BMRI
2021-10-19,3.6,3.625,3.625,3.525,99.36,0.35,BMRI
2021-10-18,3.588,3.6,3.663,3.575,152.95,0.35,BMRI
2021-10-15,3.575,3.588,3.6,3.538,84.35,-0.35,BMRI
2021-10-14,3.588,3.563,3.588,3.525,104.31,1.06,BMRI
2021-10-13,3.55,3.538,3.55,3.475,135.0,1.43,BMRI
2021-10-12,3.5,3.488,3.525,3.463,191.04,1.45,BMRI
2021-10-11,3.45,3.45,3.463,3.4,123.02,0.0,BMRI
2021-10-08,3.45,3.363,3.488,3.363,223.59,2.99,BMRI
2021-10-07,3.35,3.325,3.413,3.313,253.2,1.52,BMRI
2021-10-06,3.3,3.238,3.338,3.225,168.78,2.72,BMRI
2021-10-05,3.213,3.225,3.275,3.188,94.89,-0.77,BMRI
2021-10-04,3.238,3.088,3.25,3.075,156.69,6.15,BMRI
2021-10-01,3.05,3.075,3.1,3.025,74.98,-0.81,BMRI
2021-09-30,3.075,3.025,3.075,3.0,82.81,2.5,BMRI
2021-09-29,3.0,2.975,3.025,2.963,56.47,0.84,BMRI
2021-09-28,2.975,2.975,3.013,2.95,64.65,0.85,BMRI
2021-09-27,2.95,3.0,3.013,2.95,68.5,-1.26,BMRI
2021-09-24,2.988,3.038,3.05,2.963,50.28,-1.65,BMRI
2021-09-23,3.038,3.063,3.063,3.013,40.61,0.0,BMRI
2021-09-22,3.038,2.988,3.05,2.975,26.71,1.67,BMRI
2021-09-21,2.988,3.013,3.013,2.963,45.15,-0.83,BMRI
2021-09-20,3.013,3.013,3.038,2.963,57.57,-0.41,BMRI
2021-09-17,3.025,3.063,3.075,3.025,82.45,-1.63,BMRI
2021-09-16,3.075,3.088,3.1,3.063,61.34,0.41,BMRI
2021-09-15,3.063,3.088,3.1,3.05,135.5,0.41,BMRI
2021-09-14,3.05,3.075,3.1,3.038,84.93,-0.81,BMRI
2021-09-13,3.075,3.05,3.113,3.025,104.81,-0.81,BMRI
2021-09-10,3.1,3.138,3.15,3.088,107.58,-2.36,BMRI
2021-09-09,3.175,3.15,3.175,3.063,93.33,1.6,BMRI
2021-09-08,3.125,3.15,3.15,3.063,84.66,0.0,BMRI
2021-09-07,3.125,3.125,3.175,3.113,70.45,0.81,BMRI
2021-09-06,3.1,3.1,3.163,3.063,51.68,1.22,BMRI
2021-09-03,3.063,3.05,3.075,3.0,50.76,1.24,BMRI
2021-09-02,3.025,3.025,3.05,2.988,51.55,0.83,BMRI
2021-09-01,3.0,3.05,3.05,3.0,70.08,-1.64,BMRI
2021-08-31,3.05,3.0,3.05,2.975,135.7,2.52,BMRI
2021-08-30,2.975,2.925,2.975,2.913,65.06,2.59,BMRI
2021-08-27,2.9,2.913,2.938,2.888,35.77,-0.43,BMRI
2021-08-26,2.913,2.925,2.963,2.913,55.05,-2.1,BMRI
2021-08-25,2.975,2.938,2.988,2.925,60.73,2.15,BMRI
2021-08-24,2.913,2.975,2.988,2.9,85.22,-2.51,BMRI
2021-08-23,2.988,2.95,3.0,2.95,46.35,1.27,BMRI
2021-08-20,2.95,2.95,2.975,2.9,62.84,0.85,BMRI
2021-08-19,2.925,3.05,3.05,2.9,101.98,-3.31,BMRI
2021-08-18,3.025,3.0,3.088,2.963,141.23,1.26,BMRI
2021-08-16,2.988,3.0,3.025,2.925,53.07,-0.42,BMRI
2021-08-13,3.0,2.988,3.025,2.95,41.77,1.27,BMRI
2021-08-12,2.963,2.938,2.975,2.913,51.33,2.16,BMRI
2021-08-10,2.9,2.9,2.938,2.888,54.89,0.0,BMRI
2021-08-09,2.9,3.0,3.013,2.9,50.32,-2.93,BMRI
2021-08-06,2.988,3.038,3.05,2.975,63.68,-1.24,BMRI
2021-08-05,3.025,2.938,3.038,2.925,140.25,3.86,BMRI
2021-08-04,2.913,2.913,2.95,2.888,67.41,0.87,BMRI
2021-08-03,2.888,2.85,2.9,2.825,70.96,1.76,BMRI
2021-08-02,2.838,2.888,2.888,2.813,68.57,-0.44,BMRI
2021-07-30,2.85,2.913,2.913,2.85,92.13,-0.87,BMRI
2021-07-29,2.875,2.95,2.95,2.875,68.17,-2.54,BMRI
2021-07-28,2.95,2.875,2.95,2.875,41.27,1.29,BMRI
2021-07-27,2.913,2.925,2.95,2.875,79.28,0.43,BMRI
2021-07-26,2.9,2.988,3.0,2.9,77.16,-2.93,BMRI
2021-07-23,2.988,3.0,3.025,2.975,37.46,-1.24,BMRI
2021-07-22,3.025,2.988,3.05,2.975,55.17,2.11,BMRI
2021-07-21,2.963,2.913,2.975,2.9,87.1,3.04,BMRI
2021-07-19,2.875,2.9,2.925,2.875,31.46,-2.13,BMRI
2021-07-16,2.938,2.938,2.95,2.913,39.57,0.0,BMRI
2021-07-15,2.938,2.863,2.95,2.838,94.44,3.07,BMRI
2021-07-14,2.85,2.9,2.913,2.825,59.23,-1.3,BMRI
2021-07-13,2.888,2.925,2.95,2.888,65.12,-0.43,BMRI
2021-07-12,2.9,2.938,2.938,2.888,39.69,0.43,BMRI
2021-07-09,2.888,2.95,2.95,2.888,50.82,-2.12,BMRI
2021-07-08,2.95,2.925,2.95,2.875,81.46,2.61,BMRI
2021-07-07,2.875,2.888,2.913,2.838,96.69,-0.43,BMRI
2021-07-06,2.888,2.95,2.95,2.875,56.07,-1.28,BMRI
2021-07-05,2.925,2.988,2.988,2.9,29.24,-1.68,BMRI
2021-07-02,2.975,2.988,3.013,2.963,80.42,-0.42,BMRI
2021-07-01,2.988,2.975,3.0,2.95,87.39,1.27,BMRI
2021-06-30,2.95,2.925,2.975,2.9,146.56,2.16,BMRI
2021-06-29,2.888,2.925,2.925,2.85,96.97,1.32,BMRI
2021-06-28,2.85,2.913,2.95,2.838,127.11,-3.39,BMRI
2021-06-25,2.95,3.0,3.013,2.95,61.05,-1.26,BMRI
2021-06-24,2.988,3.05,3.05,2.988,52.25,-0.83,BMRI
2021-06-23,3.013,3.113,3.113,3.013,66.07,-2.43,BMRI
2021-06-22,3.088,3.038,3.125,3.013,96.68,2.49,BMRI
2021-06-21,3.013,3.05,3.05,2.975,138.95,-2.82,BMRI
2021-06-18,3.1,3.088,3.1,2.975,201.34,0.0,BMRI
2021-06-17,3.1,3.125,3.138,3.1,146.52,-1.2,BMRI
2021-06-16,3.138,3.163,3.175,3.1,90.05,-0.79,BMRI
2021-06-15,3.163,3.15,3.163,3.113,107.19,0.8,BMRI
2021-06-14,3.138,3.15,3.15,3.113,50.04,0.0,BMRI
2021-06-11,3.138,3.138,3.15,3.113,77.76,1.21,BMRI
2021-06-10,3.1,3.088,3.125,3.063,43.54,0.81,BMRI
2021-06-09,3.075,3.038,3.088,3.0,47.08,2.5,BMRI
2021-06-08,3.0,3.075,3.075,3.0,57.08,-2.04,BMRI
2021-06-07,3.063,3.1,3.1,3.038,42.51,0.0,BMRI
2021-06-04,3.063,3.125,3.163,3.063,76.31,-2.0,BMRI
2021-06-03,3.125,3.088,3.138,3.063,86.43,2.46,BMRI
2021-06-02,3.05,3.075,3.1,3.038,157.34,1.67,BMRI
2021-05-31,3.0,2.938,3.05,2.913,96.66,3.45,BMRI
2021-05-28,2.9,2.913,2.95,2.888,78.31,0.87,BMRI
2021-05-27,2.875,3.0,3.0,2.875,353.89,-2.54,BMRI
2021-05-25,2.95,2.888,2.975,2.888,90.59,2.61,BMRI
2021-05-24,2.875,2.938,2.938,2.875,54.9,-1.29,BMRI
2021-05-21,2.913,2.863,2.95,2.838,140.45,3.1,BMRI
2021-05-20,2.825,2.825,2.875,2.8,69.61,-0.44,BMRI
2021-05-19,2.838,2.9,2.925,2.813,98.44,-3.81,BMRI
2021-05-18,2.95,2.988,3.0,2.913,73.97,-0.42,BMRI
2021-05-17,2.963,2.988,3.0,2.938,95.1,0.42,BMRI
2021-05-11,2.95,3.0,3.0,2.925,69.38,-1.26,BMRI
2021-05-10,2.988,3.013,3.013,2.975,35.48,0.42,BMRI
2021-05-07,2.975,3.063,3.063,2.975,65.33,-2.06,BMRI
2021-05-06,3.038,3.063,3.063,3.013,37.09,0.41,BMRI
2021-05-05,3.025,3.075,3.075,3.025,45.85,-0.82,BMRI
2021-05-04,3.05,3.025,3.05,2.988,56.36,0.83,BMRI
2021-05-03,3.025,3.05,3.075,3.0,65.33,-2.02,BMRI
2021-04-30,3.088,3.113,3.125,3.063,69.94,-0.8,BMRI
2021-04-29,3.113,3.113,3.138,3.075,82.87,0.4,BMRI
2021-04-28,3.1,3.05,3.138,3.05,161.16,2.48,BMRI
2021-04-27,3.025,2.988,3.038,2.975,96.85,1.26,BMRI
2021-04-26,2.988,3.05,3.063,2.975,115.31,-2.85,BMRI
2021-04-23,3.075,3.025,3.075,3.013,104.93,0.41,BMRI
2021-04-22,3.063,3.088,3.113,3.05,71.45,0.0,BMRI
2021-04-21,3.063,3.075,3.088,3.063,65.43,-1.21,BMRI
2021-04-20,3.1,3.1,3.125,3.088,63.88,-0.4,BMRI
2021-04-19,3.113,3.125,3.138,3.1,43.6,-1.19,BMRI
2021-04-16,3.15,3.175,3.175,3.125,63.19,0.0,BMRI
2021-04-15,3.15,3.2,3.2,3.113,68.34,-0.4,BMRI
2021-04-14,3.163,3.175,3.2,3.125,80.91,0.4,BMRI
2021-04-13,3.15,3.1,3.175,3.1,76.33,0.0,BMRI
2021-04-12,3.15,3.213,3.25,3.138,48.43,-2.7,BMRI
2021-04-09,3.238,3.188,3.275,3.163,126.42,3.19,BMRI
2021-04-08,3.138,3.125,3.188,3.1,88.45,-0.79,BMRI
2021-04-07,3.163,3.15,3.163,3.125,46.42,0.8,BMRI
2021-04-06,3.138,3.113,3.15,3.075,29.65,0.8,BMRI
2021-04-05,3.113,3.15,3.15,3.1,39.47,0.4,BMRI
2021-04-01,3.1,3.125,3.163,3.075,77.72,0.81,BMRI
2021-03-31,3.075,3.125,3.163,3.063,159.16,-2.77,BMRI
2021-03-30,3.163,3.2,3.213,3.138,41.18,-0.78,BMRI
2021-03-29,3.188,3.2,3.25,3.188,79.52,-0.78,BMRI
2021-03-26,3.213,3.225,3.238,3.175,84.48,0.39,BMRI
2021-03-25,3.2,3.225,3.238,3.163,71.67,-0.39,BMRI
2021-03-24,3.213,3.25,3.263,3.2,115.25,-3.75,BMRI
2021-03-23,3.338,3.375,3.375,3.313,97.29,0.75,BMRI
2021-03-22,3.313,3.375,3.413,3.313,115.98,-2.21,BMRI
2021-03-19,3.388,3.4,3.4,3.35,150.71,-0.37,BMRI
2021-03-18,3.4,3.313,3.425,3.313,152.43,4.21,BMRI
2021-03-17,3.263,3.3,3.325,3.263,50.84,-0.38,BMRI
2021-03-16,3.275,3.325,3.363,3.25,112.25,-1.5,BMRI
2021-03-15,3.325,3.388,3.388,3.313,79.92,-1.12,BMRI
2021-03-12,3.363,3.275,3.375,3.275,159.2,3.46,BMRI
2021-03-10,3.25,3.25,3.25,3.225,51.9,1.17,BMRI
2021-03-09,3.213,3.188,3.263,3.188,111.84,-50.0,BMRI
2021-03-08,6.425,6.55,6.575,6.375,27.05,-0.77,BMRI
2021-03-05,6.475,6.525,6.575,6.45,43.62,-1.15,BMRI
2021-03-04,6.55,6.625,6.65,6.525,60.31,-0.76,BMRI
2021-03-03,6.6,6.675,6.675,6.525,39.27,0.0,BMRI
2021-03-02,6.6,6.65,6.65,6.5,81.65,0.38,BMRI
2021-03-01,6.575,6.225,6.6,6.225,110.39,6.91,BMRI
2021-02-26,6.15,6.175,6.325,6.1,123.1,-1.99,BMRI
2021-02-25,6.275,6.425,6.475,6.275,66.81,-1.57,BMRI
2021-02-24,6.375,6.35,6.4,6.325,41.25,0.79,BMRI
2021-02-23,6.325,6.3,6.375,6.3,44.55,-0.78,BMRI
2021-02-22,6.375,6.45,6.5,6.375,53.84,0.0,BMRI
2021-02-19,6.375,6.25,6.4,6.2,51.01,2.0,BMRI
2021-02-18,6.25,6.25,6.4,6.225,56.99,-1.57,BMRI
2021-02-17,6.35,6.45,6.475,6.3,58.71,-1.93,BMRI
2021-02-16,6.475,6.5,6.55,6.45,31.6,-0.38,BMRI
2021-02-15,6.5,6.55,6.575,6.5,24.5,0.0,BMRI
2021-02-11,6.5,6.55,6.55,6.5,17.94,0.0,BMRI
2021-02-10,6.5,6.575,6.575,6.475,51.35,0.0,BMRI
2021-02-09,6.5,6.6,6.7,6.45,104.19,-1.14,BMRI
2021-02-08,6.575,6.6,6.675,6.55,62.53,0.38,BMRI
2021-02-05,6.55,6.7,6.7,6.45,48.6,-0.38,BMRI
2021-02-04,6.575,6.575,6.675,6.45,69.52,1.15,BMRI
2021-02-03,6.5,6.6,6.65,6.45,83.52,0.39,BMRI
2021-02-02,6.475,6.8,6.8,6.4,80.24,-3.36,BMRI
2021-02-01,6.7,6.65,6.725,6.2,121.27,1.9,BMRI
2021-01-29,6.575,7.1,7.225,6.575,167.11,-6.74,BMRI
2021-01-28,7.05,7.15,7.25,6.9,67.87,-3.42,BMRI
2021-01-27,7.3,7.4,7.4,7.175,85.79,-1.02,BMRI
2021-01-26,7.375,7.3,7.45,7.25,103.36,1.03,BMRI
2021-01-25,7.3,7.25,7.3,7.025,50.32,1.39,BMRI
2021-01-22,7.2,7.275,7.35,7.125,58.68,-0.69,BMRI
2021-01-21,7.25,7.375,7.375,7.2,41.03,-1.69,BMRI
2021-01-20,7.375,7.0,7.45,7.0,110.47,5.73,BMRI
2021-01-19,6.975,7.0,7.025,6.85,38.92,0.72,BMRI
2021-01-18,6.925,6.6,6.95,6.6,59.5,2.97,BMRI
